Task,Model,Sampler,Accuracy,Accuracy Lower Bound,Neg Log Error,Rounds,Prompt Word Count,Reasoning Word Count,Cumulative Reasoning Words,Herdan Coefficient,Herdan R-squared,Zipf Coefficient,Zipf R-squared,Model Size,Data Points
southgermancredit,openai,10,0.504424778761062,0.47253835633851193,0.639679129713603,1,2,0,0,0.5919548555306335,0.9693806259592341,0.9263400771752721,0.9335478149633442,200,1000
southgermancredit,gpt-4.5-preview,10,0.5132743362831859,0.48152125382642064,0.6568562431390549,1,2,0,0,0.4367069170896368,0.8989335952965426,0.8447432994010049,0.8529046983975196,1800,1000
southgermancredit,openai,10,0.5398230088495575,0.5085301843022126,0.7103547538996953,3,176,104,159,0.5734362850904242,0.9702127812468184,1.0324839002122452,0.9296586261896402,100,1000
southgermancredit,anthropic,3,0.4424778761061947,0.41092906177701044,0.529208664173523,7,985,170,1116,0.5872638679758085,0.9790278445082958,1.0721115378831576,0.9405482174692107,200,1000
southgermancredit,openai,3,0.5132743362831859,0.48152125382642064,0.6568562431390549,1,2,0,0,0.5912053284593063,0.9685930484923757,0.9560329699363755,0.9388841084540314,200,1000
southgermancredit,gpt-4.5-preview,3,0.584070796460177,0.5527405274301045,0.8046163772314653,1,2,0,0,0.46320349060997074,0.9462712422606794,1.0221048628148117,0.8796942242376847,1800,1000
southgermancredit,o1,10,0.4424778761061947,0.41092906177701044,0.529208664173523,1,2,0,0,0.5359301671732759,0.9616670591900173,0.9970179583194371,0.9214364146966636,300,1000
